Date,Source,Journal No.,Reference,Contact,Description,Account Code,Account,Debit,Credit,Net,Tax Rate
2026-01-01,Manual Journal,1,OB-2026,,Opening balances b/f 31 Dec 2025,090,Victoria Harbour Bank - HKD Current,18500000.00,,18500000.00,Tax Exempt
2026-01-01,Manual Journal,1,OB-2026,,Opening balances b/f 31 Dec 2025,150,Investments - Private Funds (at cost),152400000.00,,152400000.00,Tax Exempt
2026-01-01,Manual Journal,1,OB-2026,,Opening balances b/f 31 Dec 2025,151,Investments - Listed Portfolio (custodian),2350000000.00,,2350000000.00,Tax Exempt
2026-01-01,Manual Journal,1,OB-2026,,Opening balances b/f 31 Dec 2025,160,Investment Property,186000000.00,,186000000.00,Tax Exempt
2026-01-01,Manual Journal,1,OB-2026,,Opening balances b/f 31 Dec 2025,620,Prepayments,96000.00,,96000.00,Tax Exempt
2026-01-01,Manual Journal,1,OB-2026,,Opening balances b/f 31 Dec 2025,800,Accounts Payable,,18500.00,-18500.00,Tax Exempt
2026-01-01,Manual Journal,1,OB-2026,,Opening balances b/f 31 Dec 2025,830,Tenant Deposits Held,,471000.00,-471000.00,Tax Exempt
2026-01-01,Manual Journal,1,OB-2026,,Opening balances b/f 31 Dec 2025,970,Share Capital,,10000.00,-10000.00,Tax Exempt
2026-01-01,Manual Journal,1,OB-2026,,Opening balances b/f 31 Dec 2025,960,Family Capital & Retained Earnings,,2706496500.00,-2706496500.00,Tax Exempt
2026-01-01,Payable Invoice,2,MAI-10033,Meridian Fine Art Insurance Ltd,Meridian Fine Art Insurance Ltd MAI-10033,433,Insurance,19085.50,,19085.50,Tax Exempt
2026-01-01,Payable Invoice,2,MAI-10033,Meridian Fine Art Insurance Ltd,Meridian Fine Art Insurance Ltd MAI-10033,800,Accounts Payable,,19085.50,-19085.50,Tax Exempt
2026-01-01,Receive Money,3,RNT-01-12A,Halcyon Re Asia Ltd,Rent Flat 12A Seaview Court (Jan 2026),090,Victoria Harbour Bank - HKD Current,95000.00,,95000.00,Tax Exempt
2026-01-01,Receive Money,3,RNT-01-12A,Halcyon Re Asia Ltd,Rent Flat 12A Seaview Court (Jan 2026),260,Rental Income,,95000.00,-95000.00,Tax Exempt
2026-01-02,Payable Invoice,4,HCP3-MF-2026Q1,Harbourview Capital Partners III LP,Harbourview Capital Partners III LP HCP3-MF-2026Q1,455,Fund Management Fees,292125.00,,292125.00,Tax Exempt
2026-01-02,Payable Invoice,4,HCP3-MF-2026Q1,Harbourview Capital Partners III LP,Harbourview Capital Partners III LP HCP3-MF-2026Q1,800,Accounts Payable,,292125.00,-292125.00,Tax Exempt
2026-01-02,Payable Payment,5,INV-PM-2006,Peak Estates Property Management Ltd,Payment INV-PM-2006,800,Accounts Payable,18500.00,,18500.00,Tax Exempt
2026-01-02,Payable Payment,5,INV-PM-2006,Peak Estates Property Management Ltd,Payment INV-PM-2006,090,Victoria Harbour Bank - HKD Current,,18500.00,-18500.00,Tax Exempt
2026-01-02,Receive Money,6,RNT-01-21B,Brightwater Consulting Ltd,Rent Flat 21B Pinecrest Tower (Jan 2026),090,Victoria Harbour Bank - HKD Current,62000.00,,62000.00,Tax Exempt
2026-01-02,Receive Money,6,RNT-01-21B,Brightwater Consulting Ltd,Rent Flat 21B Pinecrest Tower (Jan 2026),260,Rental Income,,62000.00,-62000.00,Tax Exempt
2026-01-02,Spend Money,7,SM-01-475,Seaview Court & Pinecrest Tower management offices,Seaview Court & Pinecrest Tower management offices,475,Building Management & Government Rates,11600.00,,11600.00,Tax Exempt
2026-01-02,Spend Money,7,SM-01-475,Seaview Court & Pinecrest Tower management offices,Seaview Court & Pinecrest Tower management offices,090,Victoria Harbour Bank - HKD Current,,11600.00,-11600.00,Tax Exempt
2026-01-05,Payable Invoice,8,INV-PM-2028,Peak Estates Property Management Ltd,Peak Estates Property Management Ltd INV-PM-2028,471,Property Management Fees,17300.00,,17300.00,Tax Exempt
2026-01-05,Payable Invoice,8,INV-PM-2028,Peak Estates Property Management Ltd,Peak Estates Property Management Ltd INV-PM-2028,800,Accounts Payable,,17300.00,-17300.00,Tax Exempt
2026-01-05,Spend Money,9,SM-01-485,Wealth platform & software licences (card),Wealth platform & software licences (card),485,Software Subscriptions,3150.00,,3150.00,Tax Exempt
2026-01-05,Spend Money,9,SM-01-485,Wealth platform & software licences (card),Wealth platform & software licences (card),090,Victoria Harbour Bank - HKD Current,,3150.00,-3150.00,Tax Exempt
2026-01-05,Spend Money,10,SM-01-489,Harbourtel Broadband & Mobile,Harbourtel Broadband & Mobile,489,Telephone & Internet,2380.00,,2380.00,Tax Exempt
2026-01-05,Spend Money,10,SM-01-489,Harbourtel Broadband & Mobile,Harbourtel Broadband & Mobile,090,Victoria Harbour Bank - HKD Current,,2380.00,-2380.00,Tax Exempt
2026-01-08,Payable Invoice,11,PRG2-DN-014,Pearl River Growth Fund II LP,Pearl River Growth Fund II LP PRG2-DN-014,150,Investments - Private Funds (at cost),2144000.00,,2144000.00,Tax Exempt
2026-01-08,Payable Invoice,11,PRG2-DN-014,Pearl River Growth Fund II LP,Pearl River Growth Fund II LP PRG2-DN-014,800,Accounts Payable,,2144000.00,-2144000.00,Tax Exempt
2026-01-12,Spend Money,12,SM-0112,Peak Assurance Ltd,Household & contents policy 2026 - family residence,433,Insurance,48000.00,,48000.00,Tax Exempt
2026-01-12,Spend Money,12,SM-0112,Peak Assurance Ltd,Household & contents policy 2026 - family residence,090,Victoria Harbour Bank - HKD Current,,48000.00,-48000.00,Tax Exempt
2026-01-15,Spend Money,13,SM-0115,Island International School,Spring term 2026 tuition - 2 children,481,School & Tuition Fees,286000.00,,286000.00,Tax Exempt
2026-01-15,Spend Money,13,SM-0115,Island International School,Spring term 2026 tuition - 2 children,090,Victoria Harbour Bank - HKD Current,,286000.00,-286000.00,Tax Exempt
2026-01-16,Payable Payment,14,MAI-10033,Meridian Fine Art Insurance Ltd,Payment MAI-10033,800,Accounts Payable,19085.50,,19085.50,Tax Exempt
2026-01-16,Payable Payment,14,MAI-10033,Meridian Fine Art Insurance Ltd,Payment MAI-10033,090,Victoria Harbour Bank - HKD Current,,19085.50,-19085.50,Tax Exempt
2026-01-16,Payable Payment,14,MAI-10033,Meridian Fine Art Insurance Ltd,Payment MAI-10033,404,Bank Fees,150.00,,150.00,Tax Exempt
2026-01-16,Payable Payment,14,MAI-10033,Meridian Fine Art Insurance Ltd,Payment MAI-10033,090,Victoria Harbour Bank - HKD Current,,150.00,-150.00,Tax Exempt
2026-01-19,Spend Money,15,SM-01-473,Island Wide Handyman Services,Island Wide Handyman Services,473,Property Repairs & Maintenance,1100.00,,1100.00,Tax Exempt
2026-01-19,Spend Money,15,SM-01-473,Island Wide Handyman Services,Island Wide Handyman Services,090,Victoria Harbour Bank - HKD Current,,1100.00,-1100.00,Tax Exempt
2026-01-20,Spend Money,16,SM-01-493,SkyJet Charter Asia (travel desk),SkyJet Charter Asia (travel desk),493,Travel & Aviation Charter,107000.00,,107000.00,Tax Exempt
2026-01-20,Spend Money,16,SM-01-493,SkyJet Charter Asia (travel desk),SkyJet Charter Asia (travel desk),090,Victoria Harbour Bank - HKD Current,,107000.00,-107000.00,Tax Exempt
2026-01-22,Payable Payment,17,PRG2-DN-014,Pearl River Growth Fund II LP,Payment PRG2-DN-014,800,Accounts Payable,2144000.00,,2144000.00,Tax Exempt
2026-01-22,Payable Payment,17,PRG2-DN-014,Pearl River Growth Fund II LP,Payment PRG2-DN-014,090,Victoria Harbour Bank - HKD Current,,2144000.00,-2144000.00,Tax Exempt
2026-01-22,Payable Payment,17,PRG2-DN-014,Pearl River Growth Fund II LP,Payment PRG2-DN-014,404,Bank Fees,150.00,,150.00,Tax Exempt
2026-01-22,Payable Payment,17,PRG2-DN-014,Pearl River Growth Fund II LP,Payment PRG2-DN-014,090,Victoria Harbour Bank - HKD Current,,150.00,-150.00,Tax Exempt
2026-01-22,Spend Money,18,SM-01-429,Central Office Supplies Co,Central Office Supplies Co,429,General Office Expenses,10800.00,,10800.00,Tax Exempt
2026-01-22,Spend Money,18,SM-01-429,Central Office Supplies Co,Central Office Supplies Co,090,Victoria Harbour Bank - HKD Current,,10800.00,-10800.00,Tax Exempt
2026-01-26,Spend Money,19,SM-01-412,Kwan & Partners Tax Advisory,Kwan & Partners Tax Advisory,412,"Legal, Tax & Audit Fees",28000.00,,28000.00,Tax Exempt
2026-01-26,Spend Money,19,SM-01-412,Kwan & Partners Tax Advisory,Kwan & Partners Tax Advisory,090,Victoria Harbour Bank - HKD Current,,28000.00,-28000.00,Tax Exempt
2026-01-26,Receive Money,20,SWP-01,Lion Rock Private Bank (custodian),Portfolio income sweep (dividends and coupons),090,Victoria Harbour Bank - HKD Current,3553000.00,,3553000.00,Tax Exempt
2026-01-26,Receive Money,20,SWP-01,Lion Rock Private Bank (custodian),Portfolio income sweep (dividends and coupons),275,Dividend & Portfolio Income,,3553000.00,-3553000.00,Tax Exempt
2026-01-30,Spend Money,21,FEE-01,Victoria Harbour Bank Limited,Account maintenance fee,404,Bank Fees,120.00,,120.00,Tax Exempt
2026-01-30,Spend Money,21,FEE-01,Victoria Harbour Bank Limited,Account maintenance fee,090,Victoria Harbour Bank - HKD Current,,120.00,-120.00,Tax Exempt
2026-01-30,Receive Money,22,INT-01,Victoria Harbour Bank Limited,Credit interest,090,Victoria Harbour Bank - HKD Current,75992.00,,75992.00,Tax Exempt
2026-01-30,Receive Money,22,INT-01,Victoria Harbour Bank Limited,Credit interest,270,Interest Income,,75992.00,-75992.00,Tax Exempt
2026-01-30,Spend Money,23,MPF-01,Orchid Trust MPF Scheme,MPF contributions (ER + EE),825,MPF Payable,30000.00,,30000.00,Tax Exempt
2026-01-30,Spend Money,23,MPF-01,Orchid Trust MPF Scheme,MPF contributions (ER + EE),090,Victoria Harbour Bank - HKD Current,,30000.00,-30000.00,Tax Exempt
2026-01-30,Spend Money,24,PAY-01,Payroll,Payroll Jan 2026 (4 office + 6 household staff),477,Salaries - Office & Household Staff,420000.00,,420000.00,Tax Exempt
2026-01-30,Spend Money,24,PAY-01,Payroll,Payroll Jan 2026 (4 office + 6 household staff),478,MPF Contributions,15000.00,,15000.00,Tax Exempt
2026-01-30,Spend Money,24,PAY-01,Payroll,Payroll Jan 2026 (4 office + 6 household staff),090,Victoria Harbour Bank - HKD Current,,405000.00,-405000.00,Tax Exempt
2026-01-30,Spend Money,24,PAY-01,Payroll,Payroll Jan 2026 (4 office + 6 household staff),825,MPF Payable,,30000.00,-30000.00,Tax Exempt
2026-02-02,Payable Payment,25,HCP3-MF-2026Q1,Harbourview Capital Partners III LP,Payment HCP3-MF-2026Q1,800,Accounts Payable,292125.00,,292125.00,Tax Exempt
2026-02-02,Payable Payment,25,HCP3-MF-2026Q1,Harbourview Capital Partners III LP,Payment HCP3-MF-2026Q1,497,Foreign Exchange Gain/Loss,750.00,,750.00,Tax Exempt
2026-02-02,Payable Payment,25,HCP3-MF-2026Q1,Harbourview Capital Partners III LP,Payment HCP3-MF-2026Q1,090,Victoria Harbour Bank - HKD Current,,292875.00,-292875.00,Tax Exempt
2026-02-02,Payable Payment,25,HCP3-MF-2026Q1,Harbourview Capital Partners III LP,Payment HCP3-MF-2026Q1,404,Bank Fees,150.00,,150.00,Tax Exempt
2026-02-02,Payable Payment,25,HCP3-MF-2026Q1,Harbourview Capital Partners III LP,Payment HCP3-MF-2026Q1,090,Victoria Harbour Bank - HKD Current,,150.00,-150.00,Tax Exempt
2026-02-02,Payable Invoice,26,MAI-10044,Meridian Fine Art Insurance Ltd,Meridian Fine Art Insurance Ltd MAI-10044,433,Insurance,19134.50,,19134.50,Tax Exempt
2026-02-02,Payable Invoice,26,MAI-10044,Meridian Fine Art Insurance Ltd,Meridian Fine Art Insurance Ltd MAI-10044,800,Accounts Payable,,19134.50,-19134.50,Tax Exempt
2026-02-02,Receive Money,27,RNT-02-12A,Halcyon Re Asia Ltd,Rent Flat 12A Seaview Court (Feb 2026),090,Victoria Harbour Bank - HKD Current,95000.00,,95000.00,Tax Exempt
2026-02-02,Receive Money,27,RNT-02-12A,Halcyon Re Asia Ltd,Rent Flat 12A Seaview Court (Feb 2026),260,Rental Income,,95000.00,-95000.00,Tax Exempt
2026-02-02,Receive Money,28,RNT-02-21B,Brightwater Consulting Ltd,Rent Flat 21B Pinecrest Tower (Feb 2026),090,Victoria Harbour Bank - HKD Current,62000.00,,62000.00,Tax Exempt
2026-02-02,Receive Money,28,RNT-02-21B,Brightwater Consulting Ltd,Rent Flat 21B Pinecrest Tower (Feb 2026),260,Rental Income,,62000.00,-62000.00,Tax Exempt
2026-02-02,Spend Money,29,SM-02-475,Seaview Court & Pinecrest Tower management offices,Seaview Court & Pinecrest Tower management offices,475,Building Management & Government Rates,11600.00,,11600.00,Tax Exempt
2026-02-02,Spend Money,29,SM-02-475,Seaview Court & Pinecrest Tower management offices,Seaview Court & Pinecrest Tower management offices,090,Victoria Harbour Bank - HKD Current,,11600.00,-11600.00,Tax Exempt
2026-02-03,Payable Invoice,30,INV-PM-2050,Peak Estates Property Management Ltd,Peak Estates Property Management Ltd INV-PM-2050,471,Property Management Fees,17300.00,,17300.00,Tax Exempt
2026-02-03,Payable Invoice,30,INV-PM-2050,Peak Estates Property Management Ltd,Peak Estates Property Management Ltd INV-PM-2050,800,Accounts Payable,,17300.00,-17300.00,Tax Exempt
2026-02-03,Spend Money,31,SM-02-485,Wealth platform & software licences (card),Wealth platform & software licences (card),485,Software Subscriptions,3150.00,,3150.00,Tax Exempt
2026-02-03,Spend Money,31,SM-02-485,Wealth platform & software licences (card),Wealth platform & software licences (card),090,Victoria Harbour Bank - HKD Current,,3150.00,-3150.00,Tax Exempt
2026-02-04,Payable Payment,32,INV-PM-2028,Peak Estates Property Management Ltd,Payment INV-PM-2028,800,Accounts Payable,17300.00,,17300.00,Tax Exempt
2026-02-04,Payable Payment,32,INV-PM-2028,Peak Estates Property Management Ltd,Payment INV-PM-2028,090,Victoria Harbour Bank - HKD Current,,17300.00,-17300.00,Tax Exempt
2026-02-05,Spend Money,33,SM-02-489,Harbourtel Broadband & Mobile,Harbourtel Broadband & Mobile,489,Telephone & Internet,2380.00,,2380.00,Tax Exempt
2026-02-05,Spend Money,33,SM-02-489,Harbourtel Broadband & Mobile,Harbourtel Broadband & Mobile,090,Victoria Harbour Bank - HKD Current,,2380.00,-2380.00,Tax Exempt
2026-02-16,Payable Invoice,34,HCP3-CN-2026-01,Harbourview Capital Partners III LP,Harbourview Capital Partners III LP HCP3-CN-2026-01,150,Investments - Private Funds (at cost),3124000.00,,3124000.00,Tax Exempt
2026-02-16,Payable Invoice,34,HCP3-CN-2026-01,Harbourview Capital Partners III LP,Harbourview Capital Partners III LP HCP3-CN-2026-01,800,Accounts Payable,,3124000.00,-3124000.00,Tax Exempt
2026-02-17,Payable Payment,35,MAI-10044,Meridian Fine Art Insurance Ltd,Payment MAI-10044,800,Accounts Payable,19134.50,,19134.50,Tax Exempt
2026-02-17,Payable Payment,35,MAI-10044,Meridian Fine Art Insurance Ltd,Payment MAI-10044,090,Victoria Harbour Bank - HKD Current,,19134.50,-19134.50,Tax Exempt
2026-02-17,Payable Payment,35,MAI-10044,Meridian Fine Art Insurance Ltd,Payment MAI-10044,404,Bank Fees,150.00,,150.00,Tax Exempt
2026-02-17,Payable Payment,35,MAI-10044,Meridian Fine Art Insurance Ltd,Payment MAI-10044,090,Victoria Harbour Bank - HKD Current,,150.00,-150.00,Tax Exempt
2026-02-18,Spend Money,36,SM-02-473,Island Wide Handyman Services,Island Wide Handyman Services,473,Property Repairs & Maintenance,1800.00,,1800.00,Tax Exempt
2026-02-18,Spend Money,36,SM-02-473,Island Wide Handyman Services,Island Wide Handyman Services,090,Victoria Harbour Bank - HKD Current,,1800.00,-1800.00,Tax Exempt
2026-02-20,Spend Money,37,SM-02-493,SkyJet Charter Asia (travel desk),SkyJet Charter Asia (travel desk),493,Travel & Aviation Charter,119000.00,,119000.00,Tax Exempt
2026-02-20,Spend Money,37,SM-02-493,SkyJet Charter Asia (travel desk),SkyJet Charter Asia (travel desk),090,Victoria Harbour Bank - HKD Current,,119000.00,-119000.00,Tax Exempt
2026-02-23,Spend Money,38,SM-02-429,Central Office Supplies Co,Central Office Supplies Co,429,General Office Expenses,9900.00,,9900.00,Tax Exempt
2026-02-23,Spend Money,38,SM-02-429,Central Office Supplies Co,Central Office Supplies Co,090,Victoria Harbour Bank - HKD Current,,9900.00,-9900.00,Tax Exempt
2026-02-25,Spend Money,39,SM-02-412,Kwan & Partners Tax Advisory,Kwan & Partners Tax Advisory,412,"Legal, Tax & Audit Fees",28000.00,,28000.00,Tax Exempt
2026-02-25,Spend Money,39,SM-02-412,Kwan & Partners Tax Advisory,Kwan & Partners Tax Advisory,090,Victoria Harbour Bank - HKD Current,,28000.00,-28000.00,Tax Exempt
2026-02-25,Receive Money,40,SWP-02,Lion Rock Private Bank (custodian),Portfolio income sweep (dividends and coupons),090,Victoria Harbour Bank - HKD Current,3775000.00,,3775000.00,Tax Exempt
2026-02-25,Receive Money,40,SWP-02,Lion Rock Private Bank (custodian),Portfolio income sweep (dividends and coupons),275,Dividend & Portfolio Income,,3775000.00,-3775000.00,Tax Exempt
2026-02-26,Payable Payment,41,HCP3-CN-2026-01,Harbourview Capital Partners III LP,Payment HCP3-CN-2026-01,800,Accounts Payable,3124000.00,,3124000.00,Tax Exempt
2026-02-26,Payable Payment,41,HCP3-CN-2026-01,Harbourview Capital Partners III LP,Payment HCP3-CN-2026-01,090,Victoria Harbour Bank - HKD Current,,3124000.00,-3124000.00,Tax Exempt
2026-02-26,Payable Payment,41,HCP3-CN-2026-01,Harbourview Capital Partners III LP,Payment HCP3-CN-2026-01,404,Bank Fees,150.00,,150.00,Tax Exempt
2026-02-26,Payable Payment,41,HCP3-CN-2026-01,Harbourview Capital Partners III LP,Payment HCP3-CN-2026-01,090,Victoria Harbour Bank - HKD Current,,150.00,-150.00,Tax Exempt
2026-02-27,Spend Money,42,FEE-02,Victoria Harbour Bank Limited,Account maintenance fee,404,Bank Fees,120.00,,120.00,Tax Exempt
2026-02-27,Spend Money,42,FEE-02,Victoria Harbour Bank Limited,Account maintenance fee,090,Victoria Harbour Bank - HKD Current,,120.00,-120.00,Tax Exempt
2026-02-27,Receive Money,43,INT-02,Victoria Harbour Bank Limited,Credit interest,090,Victoria Harbour Bank - HKD Current,92788.00,,92788.00,Tax Exempt
2026-02-27,Receive Money,43,INT-02,Victoria Harbour Bank Limited,Credit interest,270,Interest Income,,92788.00,-92788.00,Tax Exempt
2026-02-27,Spend Money,44,MPF-02,Orchid Trust MPF Scheme,MPF contributions (ER + EE),825,MPF Payable,30000.00,,30000.00,Tax Exempt
2026-02-27,Spend Money,44,MPF-02,Orchid Trust MPF Scheme,MPF contributions (ER + EE),090,Victoria Harbour Bank - HKD Current,,30000.00,-30000.00,Tax Exempt
2026-02-27,Spend Money,45,PAY-02,Payroll,Payroll Feb 2026 (4 office + 6 household staff),477,Salaries - Office & Household Staff,420000.00,,420000.00,Tax Exempt
2026-02-27,Spend Money,45,PAY-02,Payroll,Payroll Feb 2026 (4 office + 6 household staff),478,MPF Contributions,15000.00,,15000.00,Tax Exempt
2026-02-27,Spend Money,45,PAY-02,Payroll,Payroll Feb 2026 (4 office + 6 household staff),090,Victoria Harbour Bank - HKD Current,,405000.00,-405000.00,Tax Exempt
2026-02-27,Spend Money,45,PAY-02,Payroll,Payroll Feb 2026 (4 office + 6 household staff),825,MPF Payable,,30000.00,-30000.00,Tax Exempt
2026-03-02,Payable Invoice,46,MAI-10055,Meridian Fine Art Insurance Ltd,Meridian Fine Art Insurance Ltd MAI-10055,433,Insurance,19159.00,,19159.00,Tax Exempt
2026-03-02,Payable Invoice,46,MAI-10055,Meridian Fine Art Insurance Ltd,Meridian Fine Art Insurance Ltd MAI-10055,800,Accounts Payable,,19159.00,-19159.00,Tax Exempt
2026-03-02,Receive Money,47,RNT-03-12A,Halcyon Re Asia Ltd,Rent Flat 12A Seaview Court (Mar 2026),090,Victoria Harbour Bank - HKD Current,95000.00,,95000.00,Tax Exempt
2026-03-02,Receive Money,47,RNT-03-12A,Halcyon Re Asia Ltd,Rent Flat 12A Seaview Court (Mar 2026),260,Rental Income,,95000.00,-95000.00,Tax Exempt
2026-03-02,Receive Money,48,RNT-03-21B,Brightwater Consulting Ltd,Rent Flat 21B Pinecrest Tower (Mar 2026),090,Victoria Harbour Bank - HKD Current,62000.00,,62000.00,Tax Exempt
2026-03-02,Receive Money,48,RNT-03-21B,Brightwater Consulting Ltd,Rent Flat 21B Pinecrest Tower (Mar 2026),260,Rental Income,,62000.00,-62000.00,Tax Exempt
2026-03-02,Spend Money,49,SM-03-475,Seaview Court & Pinecrest Tower management offices,Seaview Court & Pinecrest Tower management offices,475,Building Management & Government Rates,11600.00,,11600.00,Tax Exempt
2026-03-02,Spend Money,49,SM-03-475,Seaview Court & Pinecrest Tower management offices,Seaview Court & Pinecrest Tower management offices,090,Victoria Harbour Bank - HKD Current,,11600.00,-11600.00,Tax Exempt
2026-03-03,Payable Invoice,50,INV-PM-2072,Peak Estates Property Management Ltd,Peak Estates Property Management Ltd INV-PM-2072,471,Property Management Fees,23200.00,,23200.00,Tax Exempt
2026-03-03,Payable Invoice,50,INV-PM-2072,Peak Estates Property Management Ltd,Peak Estates Property Management Ltd INV-PM-2072,800,Accounts Payable,,23200.00,-23200.00,Tax Exempt
2026-03-03,Spend Money,51,SM-03-485,Wealth platform & software licences (card),Wealth platform & software licences (card),485,Software Subscriptions,3150.00,,3150.00,Tax Exempt
2026-03-03,Spend Money,51,SM-03-485,Wealth platform & software licences (card),Wealth platform & software licences (card),090,Victoria Harbour Bank - HKD Current,,3150.00,-3150.00,Tax Exempt
2026-03-05,Payable Payment,52,INV-PM-2050,Peak Estates Property Management Ltd,Payment INV-PM-2050,800,Accounts Payable,17300.00,,17300.00,Tax Exempt
2026-03-05,Payable Payment,52,INV-PM-2050,Peak Estates Property Management Ltd,Payment INV-PM-2050,090,Victoria Harbour Bank - HKD Current,,17300.00,-17300.00,Tax Exempt
2026-03-05,Spend Money,53,SM-03-489,Harbourtel Broadband & Mobile,Harbourtel Broadband & Mobile,489,Telephone & Internet,2380.00,,2380.00,Tax Exempt
2026-03-05,Spend Money,53,SM-03-489,Harbourtel Broadband & Mobile,Harbourtel Broadband & Mobile,090,Victoria Harbour Bank - HKD Current,,2380.00,-2380.00,Tax Exempt
2026-03-09,Payable Invoice,54,PRG2-DN-015,Pearl River Growth Fund II LP,Pearl River Growth Fund II LP PRG2-DN-015,150,Investments - Private Funds (at cost),3776500.00,,3776500.00,Tax Exempt
2026-03-09,Payable Invoice,54,PRG2-DN-015,Pearl River Growth Fund II LP,Pearl River Growth Fund II LP PRG2-DN-015,800,Accounts Payable,,3776500.00,-3776500.00,Tax Exempt
2026-03-17,Payable Payment,55,MAI-10055,Meridian Fine Art Insurance Ltd,Payment MAI-10055,800,Accounts Payable,19159.00,,19159.00,Tax Exempt
2026-03-17,Payable Payment,55,MAI-10055,Meridian Fine Art Insurance Ltd,Payment MAI-10055,090,Victoria Harbour Bank - HKD Current,,19159.00,-19159.00,Tax Exempt
2026-03-17,Payable Payment,55,MAI-10055,Meridian Fine Art Insurance Ltd,Payment MAI-10055,404,Bank Fees,150.00,,150.00,Tax Exempt
2026-03-17,Payable Payment,55,MAI-10055,Meridian Fine Art Insurance Ltd,Payment MAI-10055,090,Victoria Harbour Bank - HKD Current,,150.00,-150.00,Tax Exempt
2026-03-18,Spend Money,56,SM-03-473,Island Wide Handyman Services,Island Wide Handyman Services,473,Property Repairs & Maintenance,2600.00,,2600.00,Tax Exempt
2026-03-18,Spend Money,56,SM-03-473,Island Wide Handyman Services,Island Wide Handyman Services,090,Victoria Harbour Bank - HKD Current,,2600.00,-2600.00,Tax Exempt
2026-03-20,Spend Money,57,SM-03-493,SkyJet Charter Asia (travel desk),SkyJet Charter Asia (travel desk),493,Travel & Aviation Charter,143000.00,,143000.00,Tax Exempt
2026-03-20,Spend Money,57,SM-03-493,SkyJet Charter Asia (travel desk),SkyJet Charter Asia (travel desk),090,Victoria Harbour Bank - HKD Current,,143000.00,-143000.00,Tax Exempt
2026-03-20,Spend Money,58,SM-0320,Lam & Partners CPA,2025 audit and tax compliance,412,"Legal, Tax & Audit Fees",120000.00,,120000.00,Tax Exempt
2026-03-20,Spend Money,58,SM-0320,Lam & Partners CPA,2025 audit and tax compliance,090,Victoria Harbour Bank - HKD Current,,120000.00,-120000.00,Tax Exempt
2026-03-23,Payable Payment,59,PRG2-DN-015,Pearl River Growth Fund II LP,Payment PRG2-DN-015,800,Accounts Payable,3776500.00,,3776500.00,Tax Exempt
2026-03-23,Payable Payment,59,PRG2-DN-015,Pearl River Growth Fund II LP,Payment PRG2-DN-015,090,Victoria Harbour Bank - HKD Current,,3776500.00,-3776500.00,Tax Exempt
2026-03-23,Payable Payment,59,PRG2-DN-015,Pearl River Growth Fund II LP,Payment PRG2-DN-015,404,Bank Fees,150.00,,150.00,Tax Exempt
2026-03-23,Payable Payment,59,PRG2-DN-015,Pearl River Growth Fund II LP,Payment PRG2-DN-015,090,Victoria Harbour Bank - HKD Current,,150.00,-150.00,Tax Exempt
2026-03-23,Spend Money,60,SM-03-429,Central Office Supplies Co,Central Office Supplies Co,429,General Office Expenses,7400.00,,7400.00,Tax Exempt
2026-03-23,Spend Money,60,SM-03-429,Central Office Supplies Co,Central Office Supplies Co,090,Victoria Harbour Bank - HKD Current,,7400.00,-7400.00,Tax Exempt
2026-03-25,Spend Money,61,SM-03-412,Kwan & Partners Tax Advisory,Kwan & Partners Tax Advisory,412,"Legal, Tax & Audit Fees",28000.00,,28000.00,Tax Exempt
2026-03-25,Spend Money,61,SM-03-412,Kwan & Partners Tax Advisory,Kwan & Partners Tax Advisory,090,Victoria Harbour Bank - HKD Current,,28000.00,-28000.00,Tax Exempt
2026-03-25,Receive Money,62,SWP-03,Lion Rock Private Bank (custodian),Portfolio income sweep (dividends and coupons),090,Victoria Harbour Bank - HKD Current,3815000.00,,3815000.00,Tax Exempt
2026-03-25,Receive Money,62,SWP-03,Lion Rock Private Bank (custodian),Portfolio income sweep (dividends and coupons),275,Dividend & Portfolio Income,,3815000.00,-3815000.00,Tax Exempt
2026-03-31,Spend Money,63,FEE-03,Victoria Harbour Bank Limited,Account maintenance fee,404,Bank Fees,120.00,,120.00,Tax Exempt
2026-03-31,Spend Money,63,FEE-03,Victoria Harbour Bank Limited,Account maintenance fee,090,Victoria Harbour Bank - HKD Current,,120.00,-120.00,Tax Exempt
2026-03-31,Receive Money,64,INT-03,Victoria Harbour Bank Limited,Credit interest,090,Victoria Harbour Bank - HKD Current,70772.00,,70772.00,Tax Exempt
2026-03-31,Receive Money,64,INT-03,Victoria Harbour Bank Limited,Credit interest,270,Interest Income,,70772.00,-70772.00,Tax Exempt
2026-03-31,Spend Money,65,MPF-03,Orchid Trust MPF Scheme,MPF contributions (ER + EE),825,MPF Payable,30000.00,,30000.00,Tax Exempt
2026-03-31,Spend Money,65,MPF-03,Orchid Trust MPF Scheme,MPF contributions (ER + EE),090,Victoria Harbour Bank - HKD Current,,30000.00,-30000.00,Tax Exempt
2026-03-31,Spend Money,66,PAY-03,Payroll,Payroll Mar 2026 (4 office + 6 household staff),477,Salaries - Office & Household Staff,420000.00,,420000.00,Tax Exempt
2026-03-31,Spend Money,66,PAY-03,Payroll,Payroll Mar 2026 (4 office + 6 household staff),478,MPF Contributions,15000.00,,15000.00,Tax Exempt
2026-03-31,Spend Money,66,PAY-03,Payroll,Payroll Mar 2026 (4 office + 6 household staff),090,Victoria Harbour Bank - HKD Current,,405000.00,-405000.00,Tax Exempt
2026-03-31,Spend Money,66,PAY-03,Payroll,Payroll Mar 2026 (4 office + 6 household staff),825,MPF Payable,,30000.00,-30000.00,Tax Exempt
2026-04-01,Payable Invoice,67,HCP3-MF-2026Q2,Harbourview Capital Partners III LP,Harbourview Capital Partners III LP HCP3-MF-2026Q2,455,Fund Management Fees,292500.00,,292500.00,Tax Exempt
2026-04-01,Payable Invoice,67,HCP3-MF-2026Q2,Harbourview Capital Partners III LP,Harbourview Capital Partners III LP HCP3-MF-2026Q2,800,Accounts Payable,,292500.00,-292500.00,Tax Exempt
2026-04-01,Payable Invoice,68,MAI-10066,Meridian Fine Art Insurance Ltd,Meridian Fine Art Insurance Ltd MAI-10066,433,Insurance,19110.00,,19110.00,Tax Exempt
2026-04-01,Payable Invoice,68,MAI-10066,Meridian Fine Art Insurance Ltd,Meridian Fine Art Insurance Ltd MAI-10066,800,Accounts Payable,,19110.00,-19110.00,Tax Exempt
2026-04-01,Receive Money,69,RNT-04-12A,Halcyon Re Asia Ltd,Rent Flat 12A Seaview Court (Apr 2026),090,Victoria Harbour Bank - HKD Current,95000.00,,95000.00,Tax Exempt
2026-04-01,Receive Money,69,RNT-04-12A,Halcyon Re Asia Ltd,Rent Flat 12A Seaview Court (Apr 2026),260,Rental Income,,95000.00,-95000.00,Tax Exempt
2026-04-02,Payable Payment,70,INV-PM-2072,Peak Estates Property Management Ltd,Payment INV-PM-2072,800,Accounts Payable,23200.00,,23200.00,Tax Exempt
2026-04-02,Payable Payment,70,INV-PM-2072,Peak Estates Property Management Ltd,Payment INV-PM-2072,090,Victoria Harbour Bank - HKD Current,,23200.00,-23200.00,Tax Exempt
2026-04-02,Receive Money,71,RNT-04-21B,Brightwater Consulting Ltd,Rent Flat 21B Pinecrest Tower (Apr 2026),090,Victoria Harbour Bank - HKD Current,62000.00,,62000.00,Tax Exempt
2026-04-02,Receive Money,71,RNT-04-21B,Brightwater Consulting Ltd,Rent Flat 21B Pinecrest Tower (Apr 2026),260,Rental Income,,62000.00,-62000.00,Tax Exempt
2026-04-02,Spend Money,72,SM-04-475,Seaview Court & Pinecrest Tower management offices,Seaview Court & Pinecrest Tower management offices,475,Building Management & Government Rates,11600.00,,11600.00,Tax Exempt
2026-04-02,Spend Money,72,SM-04-475,Seaview Court & Pinecrest Tower management offices,Seaview Court & Pinecrest Tower management offices,090,Victoria Harbour Bank - HKD Current,,11600.00,-11600.00,Tax Exempt
2026-04-03,Payable Invoice,73,INV-PM-2094,Peak Estates Property Management Ltd,Peak Estates Property Management Ltd INV-PM-2094,471,Property Management Fees,23200.00,,23200.00,Tax Exempt
2026-04-03,Payable Invoice,73,INV-PM-2094,Peak Estates Property Management Ltd,Peak Estates Property Management Ltd INV-PM-2094,800,Accounts Payable,,23200.00,-23200.00,Tax Exempt
2026-04-03,Spend Money,74,SM-04-485,Wealth platform & software licences (card),Wealth platform & software licences (card),485,Software Subscriptions,3150.00,,3150.00,Tax Exempt
2026-04-03,Spend Money,74,SM-04-485,Wealth platform & software licences (card),Wealth platform & software licences (card),090,Victoria Harbour Bank - HKD Current,,3150.00,-3150.00,Tax Exempt
2026-04-06,Spend Money,75,SM-04-489,Harbourtel Broadband & Mobile,Harbourtel Broadband & Mobile,489,Telephone & Internet,2380.00,,2380.00,Tax Exempt
2026-04-06,Spend Money,75,SM-04-489,Harbourtel Broadband & Mobile,Harbourtel Broadband & Mobile,090,Victoria Harbour Bank - HKD Current,,2380.00,-2380.00,Tax Exempt
2026-04-16,Payable Payment,76,MAI-10066,Meridian Fine Art Insurance Ltd,Payment MAI-10066,800,Accounts Payable,19110.00,,19110.00,Tax Exempt
2026-04-16,Payable Payment,76,MAI-10066,Meridian Fine Art Insurance Ltd,Payment MAI-10066,090,Victoria Harbour Bank - HKD Current,,19110.00,-19110.00,Tax Exempt
2026-04-16,Payable Payment,76,MAI-10066,Meridian Fine Art Insurance Ltd,Payment MAI-10066,404,Bank Fees,150.00,,150.00,Tax Exempt
2026-04-16,Payable Payment,76,MAI-10066,Meridian Fine Art Insurance Ltd,Payment MAI-10066,090,Victoria Harbour Bank - HKD Current,,150.00,-150.00,Tax Exempt
2026-04-20,Spend Money,77,SM-04-473,Island Wide Handyman Services,Island Wide Handyman Services,473,Property Repairs & Maintenance,1500.00,,1500.00,Tax Exempt
2026-04-20,Spend Money,77,SM-04-473,Island Wide Handyman Services,Island Wide Handyman Services,090,Victoria Harbour Bank - HKD Current,,1500.00,-1500.00,Tax Exempt
2026-04-20,Spend Money,78,SM-04-493,SkyJet Charter Asia (travel desk),SkyJet Charter Asia (travel desk),493,Travel & Aviation Charter,146000.00,,146000.00,Tax Exempt
2026-04-20,Spend Money,78,SM-04-493,SkyJet Charter Asia (travel desk),SkyJet Charter Asia (travel desk),090,Victoria Harbour Bank - HKD Current,,146000.00,-146000.00,Tax Exempt
2026-04-22,Spend Money,79,SM-04-429,Central Office Supplies Co,Central Office Supplies Co,429,General Office Expenses,9000.00,,9000.00,Tax Exempt
2026-04-22,Spend Money,79,SM-04-429,Central Office Supplies Co,Central Office Supplies Co,090,Victoria Harbour Bank - HKD Current,,9000.00,-9000.00,Tax Exempt
2026-04-27,Spend Money,80,SM-04-412,Kwan & Partners Tax Advisory,Kwan & Partners Tax Advisory,412,"Legal, Tax & Audit Fees",28000.00,,28000.00,Tax Exempt
2026-04-27,Spend Money,80,SM-04-412,Kwan & Partners Tax Advisory,Kwan & Partners Tax Advisory,090,Victoria Harbour Bank - HKD Current,,28000.00,-28000.00,Tax Exempt
2026-04-27,Receive Money,81,SWP-04,Lion Rock Private Bank (custodian),Portfolio income sweep (dividends and coupons),090,Victoria Harbour Bank - HKD Current,3776000.00,,3776000.00,Tax Exempt
2026-04-27,Receive Money,81,SWP-04,Lion Rock Private Bank (custodian),Portfolio income sweep (dividends and coupons),275,Dividend & Portfolio Income,,3776000.00,-3776000.00,Tax Exempt
2026-04-30,Spend Money,82,FEE-04,Victoria Harbour Bank Limited,Account maintenance fee,404,Bank Fees,120.00,,120.00,Tax Exempt
2026-04-30,Spend Money,82,FEE-04,Victoria Harbour Bank Limited,Account maintenance fee,090,Victoria Harbour Bank - HKD Current,,120.00,-120.00,Tax Exempt
2026-04-30,Receive Money,83,INT-04,Victoria Harbour Bank Limited,Credit interest,090,Victoria Harbour Bank - HKD Current,89138.00,,89138.00,Tax Exempt
2026-04-30,Receive Money,83,INT-04,Victoria Harbour Bank Limited,Credit interest,270,Interest Income,,89138.00,-89138.00,Tax Exempt
2026-04-30,Spend Money,84,MPF-04,Orchid Trust MPF Scheme,MPF contributions (ER + EE),825,MPF Payable,30000.00,,30000.00,Tax Exempt
2026-04-30,Spend Money,84,MPF-04,Orchid Trust MPF Scheme,MPF contributions (ER + EE),090,Victoria Harbour Bank - HKD Current,,30000.00,-30000.00,Tax Exempt
2026-04-30,Spend Money,85,PAY-04,Payroll,Payroll Apr 2026 (4 office + 6 household staff),477,Salaries - Office & Household Staff,420000.00,,420000.00,Tax Exempt
2026-04-30,Spend Money,85,PAY-04,Payroll,Payroll Apr 2026 (4 office + 6 household staff),478,MPF Contributions,15000.00,,15000.00,Tax Exempt
2026-04-30,Spend Money,85,PAY-04,Payroll,Payroll Apr 2026 (4 office + 6 household staff),090,Victoria Harbour Bank - HKD Current,,405000.00,-405000.00,Tax Exempt
2026-04-30,Spend Money,85,PAY-04,Payroll,Payroll Apr 2026 (4 office + 6 household staff),825,MPF Payable,,30000.00,-30000.00,Tax Exempt
2026-05-01,Payable Payment,86,HCP3-MF-2026Q2,Harbourview Capital Partners III LP,Payment HCP3-MF-2026Q2,800,Accounts Payable,292500.00,,292500.00,Tax Exempt
2026-05-01,Payable Payment,86,HCP3-MF-2026Q2,Harbourview Capital Partners III LP,Payment HCP3-MF-2026Q2,497,Foreign Exchange Gain/Loss,,375.00,-375.00,Tax Exempt
2026-05-01,Payable Payment,86,HCP3-MF-2026Q2,Harbourview Capital Partners III LP,Payment HCP3-MF-2026Q2,090,Victoria Harbour Bank - HKD Current,,292125.00,-292125.00,Tax Exempt
2026-05-01,Payable Payment,86,HCP3-MF-2026Q2,Harbourview Capital Partners III LP,Payment HCP3-MF-2026Q2,404,Bank Fees,150.00,,150.00,Tax Exempt
2026-05-01,Payable Payment,86,HCP3-MF-2026Q2,Harbourview Capital Partners III LP,Payment HCP3-MF-2026Q2,090,Victoria Harbour Bank - HKD Current,,150.00,-150.00,Tax Exempt
2026-05-01,Payable Invoice,87,MAI-10077,Meridian Fine Art Insurance Ltd,Meridian Fine Art Insurance Ltd MAI-10077,433,Insurance,19085.50,,19085.50,Tax Exempt
2026-05-01,Payable Invoice,87,MAI-10077,Meridian Fine Art Insurance Ltd,Meridian Fine Art Insurance Ltd MAI-10077,800,Accounts Payable,,19085.50,-19085.50,Tax Exempt
2026-05-01,Receive Money,88,RNT-05-12A,Halcyon Re Asia Ltd,Rent Flat 12A Seaview Court (May 2026),090,Victoria Harbour Bank - HKD Current,95000.00,,95000.00,Tax Exempt
2026-05-01,Receive Money,88,RNT-05-12A,Halcyon Re Asia Ltd,Rent Flat 12A Seaview Court (May 2026),260,Rental Income,,95000.00,-95000.00,Tax Exempt
2026-05-04,Payable Payment,89,INV-PM-2094,Peak Estates Property Management Ltd,Payment INV-PM-2094,800,Accounts Payable,23200.00,,23200.00,Tax Exempt
2026-05-04,Payable Payment,89,INV-PM-2094,Peak Estates Property Management Ltd,Payment INV-PM-2094,090,Victoria Harbour Bank - HKD Current,,23200.00,-23200.00,Tax Exempt
2026-05-04,Payable Invoice,90,INV-PM-2116,Peak Estates Property Management Ltd,Peak Estates Property Management Ltd INV-PM-2116,471,Property Management Fees,23200.00,,23200.00,Tax Exempt
2026-05-04,Payable Invoice,90,INV-PM-2116,Peak Estates Property Management Ltd,Peak Estates Property Management Ltd INV-PM-2116,800,Accounts Payable,,23200.00,-23200.00,Tax Exempt
2026-05-04,Receive Money,91,RNT-05-21B,Brightwater Consulting Ltd,Rent Flat 21B Pinecrest Tower (May 2026),090,Victoria Harbour Bank - HKD Current,62000.00,,62000.00,Tax Exempt
2026-05-04,Receive Money,91,RNT-05-21B,Brightwater Consulting Ltd,Rent Flat 21B Pinecrest Tower (May 2026),260,Rental Income,,62000.00,-62000.00,Tax Exempt
2026-05-04,Spend Money,92,SM-05-475,Seaview Court & Pinecrest Tower management offices,Seaview Court & Pinecrest Tower management offices,475,Building Management & Government Rates,11600.00,,11600.00,Tax Exempt
2026-05-04,Spend Money,92,SM-05-475,Seaview Court & Pinecrest Tower management offices,Seaview Court & Pinecrest Tower management offices,090,Victoria Harbour Bank - HKD Current,,11600.00,-11600.00,Tax Exempt
2026-05-04,Spend Money,93,SM-05-485,Wealth platform & software licences (card),Wealth platform & software licences (card),485,Software Subscriptions,3150.00,,3150.00,Tax Exempt
2026-05-04,Spend Money,93,SM-05-485,Wealth platform & software licences (card),Wealth platform & software licences (card),090,Victoria Harbour Bank - HKD Current,,3150.00,-3150.00,Tax Exempt
2026-05-05,Spend Money,94,SM-05-489,Harbourtel Broadband & Mobile,Harbourtel Broadband & Mobile,489,Telephone & Internet,2380.00,,2380.00,Tax Exempt
2026-05-05,Spend Money,94,SM-05-489,Harbourtel Broadband & Mobile,Harbourtel Broadband & Mobile,090,Victoria Harbour Bank - HKD Current,,2380.00,-2380.00,Tax Exempt
2026-05-08,Payable Invoice,95,PRG2-DN-016,Pearl River Growth Fund II LP,Pearl River Growth Fund II LP PRG2-DN-016,150,Investments - Private Funds (at cost),2682500.00,,2682500.00,Tax Exempt
2026-05-08,Payable Invoice,95,PRG2-DN-016,Pearl River Growth Fund II LP,Pearl River Growth Fund II LP PRG2-DN-016,800,Accounts Payable,,2682500.00,-2682500.00,Tax Exempt
2026-05-15,Payable Invoice,96,HCP3-CN-2026-02,Harbourview Capital Partners III LP,Harbourview Capital Partners III LP HCP3-CN-2026-02,150,Investments - Private Funds (at cost),3895000.00,,3895000.00,Tax Exempt
2026-05-15,Payable Invoice,96,HCP3-CN-2026-02,Harbourview Capital Partners III LP,Harbourview Capital Partners III LP HCP3-CN-2026-02,800,Accounts Payable,,3895000.00,-3895000.00,Tax Exempt
2026-05-18,Payable Payment,97,MAI-10077,Meridian Fine Art Insurance Ltd,Payment MAI-10077,800,Accounts Payable,19085.50,,19085.50,Tax Exempt
2026-05-18,Payable Payment,97,MAI-10077,Meridian Fine Art Insurance Ltd,Payment MAI-10077,090,Victoria Harbour Bank - HKD Current,,19085.50,-19085.50,Tax Exempt
2026-05-18,Payable Payment,97,MAI-10077,Meridian Fine Art Insurance Ltd,Payment MAI-10077,404,Bank Fees,150.00,,150.00,Tax Exempt
2026-05-18,Payable Payment,97,MAI-10077,Meridian Fine Art Insurance Ltd,Payment MAI-10077,090,Victoria Harbour Bank - HKD Current,,150.00,-150.00,Tax Exempt
2026-05-18,Spend Money,98,SM-05-473,Island Wide Handyman Services,Island Wide Handyman Services,473,Property Repairs & Maintenance,2300.00,,2300.00,Tax Exempt
2026-05-18,Spend Money,98,SM-05-473,Island Wide Handyman Services,Island Wide Handyman Services,090,Victoria Harbour Bank - HKD Current,,2300.00,-2300.00,Tax Exempt
2026-05-20,Spend Money,99,SM-05-493,SkyJet Charter Asia (travel desk),SkyJet Charter Asia (travel desk),493,Travel & Aviation Charter,152000.00,,152000.00,Tax Exempt
2026-05-20,Spend Money,99,SM-05-493,SkyJet Charter Asia (travel desk),SkyJet Charter Asia (travel desk),090,Victoria Harbour Bank - HKD Current,,152000.00,-152000.00,Tax Exempt
2026-05-22,Payable Payment,100,PRG2-DN-016,Pearl River Growth Fund II LP,Payment PRG2-DN-016,800,Accounts Payable,2682500.00,,2682500.00,Tax Exempt
2026-05-22,Payable Payment,100,PRG2-DN-016,Pearl River Growth Fund II LP,Payment PRG2-DN-016,090,Victoria Harbour Bank - HKD Current,,2682500.00,-2682500.00,Tax Exempt
2026-05-22,Payable Payment,100,PRG2-DN-016,Pearl River Growth Fund II LP,Payment PRG2-DN-016,404,Bank Fees,150.00,,150.00,Tax Exempt
2026-05-22,Payable Payment,100,PRG2-DN-016,Pearl River Growth Fund II LP,Payment PRG2-DN-016,090,Victoria Harbour Bank - HKD Current,,150.00,-150.00,Tax Exempt
2026-05-22,Spend Money,101,SM-05-429,Central Office Supplies Co,Central Office Supplies Co,429,General Office Expenses,8000.00,,8000.00,Tax Exempt
2026-05-22,Spend Money,101,SM-05-429,Central Office Supplies Co,Central Office Supplies Co,090,Victoria Harbour Bank - HKD Current,,8000.00,-8000.00,Tax Exempt
2026-05-25,Payable Payment,102,HCP3-CN-2026-02,Harbourview Capital Partners III LP,Payment HCP3-CN-2026-02,800,Accounts Payable,3895000.00,,3895000.00,Tax Exempt
2026-05-25,Payable Payment,102,HCP3-CN-2026-02,Harbourview Capital Partners III LP,Payment HCP3-CN-2026-02,090,Victoria Harbour Bank - HKD Current,,3895000.00,-3895000.00,Tax Exempt
2026-05-25,Payable Payment,102,HCP3-CN-2026-02,Harbourview Capital Partners III LP,Payment HCP3-CN-2026-02,404,Bank Fees,150.00,,150.00,Tax Exempt
2026-05-25,Payable Payment,102,HCP3-CN-2026-02,Harbourview Capital Partners III LP,Payment HCP3-CN-2026-02,090,Victoria Harbour Bank - HKD Current,,150.00,-150.00,Tax Exempt
2026-05-25,Spend Money,103,SM-05-412,Kwan & Partners Tax Advisory,Kwan & Partners Tax Advisory,412,"Legal, Tax & Audit Fees",28000.00,,28000.00,Tax Exempt
2026-05-25,Spend Money,103,SM-05-412,Kwan & Partners Tax Advisory,Kwan & Partners Tax Advisory,090,Victoria Harbour Bank - HKD Current,,28000.00,-28000.00,Tax Exempt
2026-05-25,Receive Money,104,SWP-05,Lion Rock Private Bank (custodian),Portfolio income sweep (dividends and coupons),090,Victoria Harbour Bank - HKD Current,3700000.00,,3700000.00,Tax Exempt
2026-05-25,Receive Money,104,SWP-05,Lion Rock Private Bank (custodian),Portfolio income sweep (dividends and coupons),275,Dividend & Portfolio Income,,3700000.00,-3700000.00,Tax Exempt
2026-05-29,Spend Money,105,FEE-05,Victoria Harbour Bank Limited,Account maintenance fee,404,Bank Fees,120.00,,120.00,Tax Exempt
2026-05-29,Spend Money,105,FEE-05,Victoria Harbour Bank Limited,Account maintenance fee,090,Victoria Harbour Bank - HKD Current,,120.00,-120.00,Tax Exempt
2026-05-29,Receive Money,106,INT-05,Victoria Harbour Bank Limited,Credit interest,090,Victoria Harbour Bank - HKD Current,81251.00,,81251.00,Tax Exempt
2026-05-29,Receive Money,106,INT-05,Victoria Harbour Bank Limited,Credit interest,270,Interest Income,,81251.00,-81251.00,Tax Exempt
2026-05-29,Spend Money,107,MPF-05,Orchid Trust MPF Scheme,MPF contributions (ER + EE),825,MPF Payable,30000.00,,30000.00,Tax Exempt
2026-05-29,Spend Money,107,MPF-05,Orchid Trust MPF Scheme,MPF contributions (ER + EE),090,Victoria Harbour Bank - HKD Current,,30000.00,-30000.00,Tax Exempt
2026-05-29,Spend Money,108,PAY-05,Payroll,Payroll May 2026 (4 office + 6 household staff),477,Salaries - Office & Household Staff,420000.00,,420000.00,Tax Exempt
2026-05-29,Spend Money,108,PAY-05,Payroll,Payroll May 2026 (4 office + 6 household staff),478,MPF Contributions,15000.00,,15000.00,Tax Exempt
2026-05-29,Spend Money,108,PAY-05,Payroll,Payroll May 2026 (4 office + 6 household staff),090,Victoria Harbour Bank - HKD Current,,405000.00,-405000.00,Tax Exempt
2026-05-29,Spend Money,108,PAY-05,Payroll,Payroll May 2026 (4 office + 6 household staff),825,MPF Payable,,30000.00,-30000.00,Tax Exempt
2026-06-01,Payable Invoice,109,MAI-10088,Meridian Fine Art Insurance Ltd,Meridian Fine Art Insurance Ltd MAI-10088,433,Insurance,19134.50,,19134.50,Tax Exempt
2026-06-01,Payable Invoice,109,MAI-10088,Meridian Fine Art Insurance Ltd,Meridian Fine Art Insurance Ltd MAI-10088,800,Accounts Payable,,19134.50,-19134.50,Tax Exempt
2026-06-01,Receive Money,110,RNT-06-12A,Halcyon Re Asia Ltd,Rent Flat 12A Seaview Court (Jun 2026),090,Victoria Harbour Bank - HKD Current,95000.00,,95000.00,Tax Exempt
2026-06-01,Receive Money,110,RNT-06-12A,Halcyon Re Asia Ltd,Rent Flat 12A Seaview Court (Jun 2026),260,Rental Income,,95000.00,-95000.00,Tax Exempt
2026-06-02,Receive Money,111,RNT-06-21B,Brightwater Consulting Ltd,Rent Flat 21B Pinecrest Tower (Jun 2026),090,Victoria Harbour Bank - HKD Current,62000.00,,62000.00,Tax Exempt
2026-06-02,Receive Money,111,RNT-06-21B,Brightwater Consulting Ltd,Rent Flat 21B Pinecrest Tower (Jun 2026),260,Rental Income,,62000.00,-62000.00,Tax Exempt
2026-06-02,Spend Money,112,SM-06-475,Seaview Court & Pinecrest Tower management offices,Seaview Court & Pinecrest Tower management offices (revised fee from Jun 2026),475,Building Management & Government Rates,12800.00,,12800.00,Tax Exempt
2026-06-02,Spend Money,112,SM-06-475,Seaview Court & Pinecrest Tower management offices,Seaview Court & Pinecrest Tower management offices (revised fee from Jun 2026),090,Victoria Harbour Bank - HKD Current,,12800.00,-12800.00,Tax Exempt
2026-06-03,Payable Payment,113,INV-PM-2116,Peak Estates Property Management Ltd,Payment INV-PM-2116,800,Accounts Payable,23200.00,,23200.00,Tax Exempt
2026-06-03,Payable Payment,113,INV-PM-2116,Peak Estates Property Management Ltd,Payment INV-PM-2116,090,Victoria Harbour Bank - HKD Current,,23200.00,-23200.00,Tax Exempt
2026-06-03,Payable Invoice,114,INV-PM-2138,Peak Estates Property Management Ltd,Peak Estates Property Management Ltd INV-PM-2138,471,Property Management Fees,23200.00,,23200.00,Tax Exempt
2026-06-03,Payable Invoice,114,INV-PM-2138,Peak Estates Property Management Ltd,Peak Estates Property Management Ltd INV-PM-2138,800,Accounts Payable,,23200.00,-23200.00,Tax Exempt
2026-06-03,Spend Money,115,SM-06-485,Wealth platform & software licences (card),Wealth platform & software licences (card),485,Software Subscriptions,3150.00,,3150.00,Tax Exempt
2026-06-03,Spend Money,115,SM-06-485,Wealth platform & software licences (card),Wealth platform & software licences (card),090,Victoria Harbour Bank - HKD Current,,3150.00,-3150.00,Tax Exempt
2026-06-05,Spend Money,116,SM-06-489,Harbourtel Broadband & Mobile,Harbourtel Broadband & Mobile,489,Telephone & Internet,2380.00,,2380.00,Tax Exempt
2026-06-05,Spend Money,116,SM-06-489,Harbourtel Broadband & Mobile,Harbourtel Broadband & Mobile,090,Victoria Harbour Bank - HKD Current,,2380.00,-2380.00,Tax Exempt
2026-06-16,Payable Payment,117,MAI-10088,Meridian Fine Art Insurance Ltd,Payment MAI-10088,800,Accounts Payable,19134.50,,19134.50,Tax Exempt
2026-06-16,Payable Payment,117,MAI-10088,Meridian Fine Art Insurance Ltd,Payment MAI-10088,090,Victoria Harbour Bank - HKD Current,,19134.50,-19134.50,Tax Exempt
2026-06-16,Payable Payment,117,MAI-10088,Meridian Fine Art Insurance Ltd,Payment MAI-10088,404,Bank Fees,150.00,,150.00,Tax Exempt
2026-06-16,Payable Payment,117,MAI-10088,Meridian Fine Art Insurance Ltd,Payment MAI-10088,090,Victoria Harbour Bank - HKD Current,,150.00,-150.00,Tax Exempt
2026-06-18,Spend Money,118,SM-06-473,Island Wide Handyman Services,Island Wide Handyman Services,473,Property Repairs & Maintenance,1800.00,,1800.00,Tax Exempt
2026-06-18,Spend Money,118,SM-06-473,Island Wide Handyman Services,Island Wide Handyman Services,090,Victoria Harbour Bank - HKD Current,,1800.00,-1800.00,Tax Exempt
2026-06-22,Spend Money,119,SM-06-429,Central Office Supplies Co,Central Office Supplies Co,429,General Office Expenses,9900.00,,9900.00,Tax Exempt
2026-06-22,Spend Money,119,SM-06-429,Central Office Supplies Co,Central Office Supplies Co,090,Victoria Harbour Bank - HKD Current,,9900.00,-9900.00,Tax Exempt
2026-06-22,Spend Money,120,SM-06-493,SkyJet Charter Asia (travel desk),SkyJet Charter Asia (travel desk),493,Travel & Aviation Charter,88000.00,,88000.00,Tax Exempt
2026-06-22,Spend Money,120,SM-06-493,SkyJet Charter Asia (travel desk),SkyJet Charter Asia (travel desk),090,Victoria Harbour Bank - HKD Current,,88000.00,-88000.00,Tax Exempt
2026-06-25,Spend Money,121,SM-06-412,Kwan & Partners Tax Advisory,Kwan & Partners Tax Advisory,412,"Legal, Tax & Audit Fees",28000.00,,28000.00,Tax Exempt
2026-06-25,Spend Money,121,SM-06-412,Kwan & Partners Tax Advisory,Kwan & Partners Tax Advisory,090,Victoria Harbour Bank - HKD Current,,28000.00,-28000.00,Tax Exempt
2026-06-25,Receive Money,122,SWP-06,Lion Rock Private Bank (custodian),Portfolio income sweep (dividends and coupons),090,Victoria Harbour Bank - HKD Current,3784000.00,,3784000.00,Tax Exempt
2026-06-25,Receive Money,122,SWP-06,Lion Rock Private Bank (custodian),Portfolio income sweep (dividends and coupons),275,Dividend & Portfolio Income,,3784000.00,-3784000.00,Tax Exempt
2026-06-30,Spend Money,123,FEE-06,Victoria Harbour Bank Limited,Account maintenance fee,404,Bank Fees,120.00,,120.00,Tax Exempt
2026-06-30,Spend Money,123,FEE-06,Victoria Harbour Bank Limited,Account maintenance fee,090,Victoria Harbour Bank - HKD Current,,120.00,-120.00,Tax Exempt
2026-06-30,Receive Money,124,INT-06,Victoria Harbour Bank Limited,Credit interest,090,Victoria Harbour Bank - HKD Current,70651.00,,70651.00,Tax Exempt
2026-06-30,Receive Money,124,INT-06,Victoria Harbour Bank Limited,Credit interest,270,Interest Income,,70651.00,-70651.00,Tax Exempt
2026-06-30,Spend Money,125,MPF-06,Orchid Trust MPF Scheme,MPF contributions (ER + EE),825,MPF Payable,30000.00,,30000.00,Tax Exempt
2026-06-30,Spend Money,125,MPF-06,Orchid Trust MPF Scheme,MPF contributions (ER + EE),090,Victoria Harbour Bank - HKD Current,,30000.00,-30000.00,Tax Exempt
2026-06-30,Spend Money,126,PAY-06,Payroll,Payroll Jun 2026 (4 office + 6 household staff),477,Salaries - Office & Household Staff,420000.00,,420000.00,Tax Exempt
2026-06-30,Spend Money,126,PAY-06,Payroll,Payroll Jun 2026 (4 office + 6 household staff),478,MPF Contributions,15000.00,,15000.00,Tax Exempt
2026-06-30,Spend Money,126,PAY-06,Payroll,Payroll Jun 2026 (4 office + 6 household staff),090,Victoria Harbour Bank - HKD Current,,405000.00,-405000.00,Tax Exempt
2026-06-30,Spend Money,126,PAY-06,Payroll,Payroll Jun 2026 (4 office + 6 household staff),825,MPF Payable,,30000.00,-30000.00,Tax Exempt
2026-07-01,Payable Invoice,127,HCP3-MF-2026Q3,Harbourview Capital Partners III LP,Harbourview Capital Partners III LP HCP3-MF-2026Q3,455,Fund Management Fees,293250.00,,293250.00,Tax Exempt
2026-07-01,Payable Invoice,127,HCP3-MF-2026Q3,Harbourview Capital Partners III LP,Harbourview Capital Partners III LP HCP3-MF-2026Q3,800,Accounts Payable,,293250.00,-293250.00,Tax Exempt
2026-07-01,Payable Invoice,128,MAI-10099,Meridian Fine Art Insurance Ltd,Meridian Fine Art Insurance Ltd MAI-10099,433,Insurance,19159.00,,19159.00,Tax Exempt
2026-07-01,Payable Invoice,128,MAI-10099,Meridian Fine Art Insurance Ltd,Meridian Fine Art Insurance Ltd MAI-10099,800,Accounts Payable,,19159.00,-19159.00,Tax Exempt
2026-07-01,Receive Money,129,RNT-07-12A,Halcyon Re Asia Ltd,Rent Flat 12A Seaview Court (Jul 2026),090,Victoria Harbour Bank - HKD Current,95000.00,,95000.00,Tax Exempt
2026-07-01,Receive Money,129,RNT-07-12A,Halcyon Re Asia Ltd,Rent Flat 12A Seaview Court (Jul 2026),260,Rental Income,,95000.00,-95000.00,Tax Exempt
2026-07-02,Receive Money,130,RNT-07-21B,Brightwater Consulting Ltd,Rent Flat 21B Pinecrest Tower (Jul 2026),090,Victoria Harbour Bank - HKD Current,62000.00,,62000.00,Tax Exempt
2026-07-02,Receive Money,130,RNT-07-21B,Brightwater Consulting Ltd,Rent Flat 21B Pinecrest Tower (Jul 2026),260,Rental Income,,62000.00,-62000.00,Tax Exempt
2026-07-02,Spend Money,131,SM-07-475,Seaview Court & Pinecrest Tower management offices,Seaview Court & Pinecrest Tower management offices (revised fee from Jun 2026),475,Building Management & Government Rates,12800.00,,12800.00,Tax Exempt
2026-07-02,Spend Money,131,SM-07-475,Seaview Court & Pinecrest Tower management offices,Seaview Court & Pinecrest Tower management offices (revised fee from Jun 2026),090,Victoria Harbour Bank - HKD Current,,12800.00,-12800.00,Tax Exempt
2026-07-03,Payable Payment,132,INV-PM-2138,Peak Estates Property Management Ltd,Payment INV-PM-2138,800,Accounts Payable,23200.00,,23200.00,Tax Exempt
2026-07-03,Payable Payment,132,INV-PM-2138,Peak Estates Property Management Ltd,Payment INV-PM-2138,090,Victoria Harbour Bank - HKD Current,,23200.00,-23200.00,Tax Exempt
2026-07-03,Payable Invoice,133,INV-PM-2204,Peak Estates Property Management Ltd,Peak Estates Property Management Ltd INV-PM-2204,471,Property Management Fees,23200.00,,23200.00,Tax Exempt
2026-07-03,Payable Invoice,133,INV-PM-2204,Peak Estates Property Management Ltd,Peak Estates Property Management Ltd INV-PM-2204,800,Accounts Payable,,23200.00,-23200.00,Tax Exempt
2026-07-03,Spend Money,134,SM-07-485,Wealth platform & software licences (card),Wealth platform & software licences (card),485,Software Subscriptions,3150.00,,3150.00,Tax Exempt
2026-07-03,Spend Money,134,SM-07-485,Wealth platform & software licences (card),Wealth platform & software licences (card),090,Victoria Harbour Bank - HKD Current,,3150.00,-3150.00,Tax Exempt
2026-07-06,Spend Money,135,SM-07-489,Harbourtel Broadband & Mobile,Harbourtel Broadband & Mobile,489,Telephone & Internet,2380.00,,2380.00,Tax Exempt
2026-07-06,Spend Money,135,SM-07-489,Harbourtel Broadband & Mobile,Harbourtel Broadband & Mobile,090,Victoria Harbour Bank - HKD Current,,2380.00,-2380.00,Tax Exempt
2026-07-08,Payable Invoice,136,PRG2-DN-017,Pearl River Growth Fund II LP,Pearl River Growth Fund II LP PRG2-DN-017,150,Investments - Private Funds (at cost),3249000.00,,3249000.00,Tax Exempt
2026-07-08,Payable Invoice,136,PRG2-DN-017,Pearl River Growth Fund II LP,Pearl River Growth Fund II LP PRG2-DN-017,800,Accounts Payable,,3249000.00,-3249000.00,Tax Exempt
2026-07-14,Spend Money,137,SM-0714,Swiftfix Building Services,Emergency water-pipe repair after typhoon - Flat 12A Seaview Court,473,Property Repairs & Maintenance,38500.00,,38500.00,Tax Exempt
2026-07-14,Spend Money,137,SM-0714,Swiftfix Building Services,Emergency water-pipe repair after typhoon - Flat 12A Seaview Court,090,Victoria Harbour Bank - HKD Current,,38500.00,-38500.00,Tax Exempt
2026-07-16,Payable Payment,138,MAI-10099,Meridian Fine Art Insurance Ltd,Payment MAI-10099,800,Accounts Payable,19159.00,,19159.00,Tax Exempt
2026-07-16,Payable Payment,138,MAI-10099,Meridian Fine Art Insurance Ltd,Payment MAI-10099,090,Victoria Harbour Bank - HKD Current,,19159.00,-19159.00,Tax Exempt
2026-07-16,Payable Payment,138,MAI-10099,Meridian Fine Art Insurance Ltd,Payment MAI-10099,404,Bank Fees,150.00,,150.00,Tax Exempt
2026-07-16,Payable Payment,138,MAI-10099,Meridian Fine Art Insurance Ltd,Payment MAI-10099,090,Victoria Harbour Bank - HKD Current,,150.00,-150.00,Tax Exempt
2026-07-20,Spend Money,139,SM-07-473,Island Wide Handyman Services,Island Wide Handyman Services,473,Property Repairs & Maintenance,1100.00,,1100.00,Tax Exempt
2026-07-20,Spend Money,139,SM-07-473,Island Wide Handyman Services,Island Wide Handyman Services,090,Victoria Harbour Bank - HKD Current,,1100.00,-1100.00,Tax Exempt
2026-07-20,Spend Money,140,SM-07-493,SkyJet Charter Asia (travel desk),SkyJet Charter Asia (travel desk),493,Travel & Aviation Charter,135000.00,,135000.00,Tax Exempt
2026-07-20,Spend Money,140,SM-07-493,SkyJet Charter Asia (travel desk),SkyJet Charter Asia (travel desk),090,Victoria Harbour Bank - HKD Current,,135000.00,-135000.00,Tax Exempt
2026-07-22,Payable Payment,141,PRG2-DN-017,Pearl River Growth Fund II LP,Payment PRG2-DN-017,800,Accounts Payable,3249000.00,,3249000.00,Tax Exempt
2026-07-22,Payable Payment,141,PRG2-DN-017,Pearl River Growth Fund II LP,Payment PRG2-DN-017,090,Victoria Harbour Bank - HKD Current,,3249000.00,-3249000.00,Tax Exempt
2026-07-22,Payable Payment,141,PRG2-DN-017,Pearl River Growth Fund II LP,Payment PRG2-DN-017,404,Bank Fees,150.00,,150.00,Tax Exempt
2026-07-22,Payable Payment,141,PRG2-DN-017,Pearl River Growth Fund II LP,Payment PRG2-DN-017,090,Victoria Harbour Bank - HKD Current,,150.00,-150.00,Tax Exempt
2026-07-22,Spend Money,142,SM-07-429,Central Office Supplies Co,Central Office Supplies Co,429,General Office Expenses,6400.00,,6400.00,Tax Exempt
2026-07-22,Spend Money,142,SM-07-429,Central Office Supplies Co,Central Office Supplies Co,090,Victoria Harbour Bank - HKD Current,,6400.00,-6400.00,Tax Exempt
2026-07-27,Spend Money,143,SM-07-412,Kwan & Partners Tax Advisory,Kwan & Partners Tax Advisory,412,"Legal, Tax & Audit Fees",28000.00,,28000.00,Tax Exempt
2026-07-27,Spend Money,143,SM-07-412,Kwan & Partners Tax Advisory,Kwan & Partners Tax Advisory,090,Victoria Harbour Bank - HKD Current,,28000.00,-28000.00,Tax Exempt
2026-07-27,Receive Money,144,SWP-07,Lion Rock Private Bank (custodian),Portfolio income sweep (dividends and coupons),090,Victoria Harbour Bank - HKD Current,3680000.00,,3680000.00,Tax Exempt
2026-07-27,Receive Money,144,SWP-07,Lion Rock Private Bank (custodian),Portfolio income sweep (dividends and coupons),275,Dividend & Portfolio Income,,3680000.00,-3680000.00,Tax Exempt
2026-07-31,Spend Money,145,FEE-07,Victoria Harbour Bank Limited,Account maintenance fee,404,Bank Fees,120.00,,120.00,Tax Exempt
2026-07-31,Spend Money,145,FEE-07,Victoria Harbour Bank Limited,Account maintenance fee,090,Victoria Harbour Bank - HKD Current,,120.00,-120.00,Tax Exempt
2026-07-31,Payable Payment,146,HCP3-MF-2026Q3,Harbourview Capital Partners III LP,Payment HCP3-MF-2026Q3,800,Accounts Payable,293250.00,,293250.00,Tax Exempt
2026-07-31,Payable Payment,146,HCP3-MF-2026Q3,Harbourview Capital Partners III LP,Payment HCP3-MF-2026Q3,090,Victoria Harbour Bank - HKD Current,,293250.00,-293250.00,Tax Exempt
2026-07-31,Payable Payment,146,HCP3-MF-2026Q3,Harbourview Capital Partners III LP,Payment HCP3-MF-2026Q3,404,Bank Fees,150.00,,150.00,Tax Exempt
2026-07-31,Payable Payment,146,HCP3-MF-2026Q3,Harbourview Capital Partners III LP,Payment HCP3-MF-2026Q3,090,Victoria Harbour Bank - HKD Current,,150.00,-150.00,Tax Exempt
2026-07-31,Receive Money,147,INT-07,Victoria Harbour Bank Limited,Credit interest,090,Victoria Harbour Bank - HKD Current,71843.00,,71843.00,Tax Exempt
2026-07-31,Receive Money,147,INT-07,Victoria Harbour Bank Limited,Credit interest,270,Interest Income,,71843.00,-71843.00,Tax Exempt
2026-07-31,Spend Money,148,MPF-07,Orchid Trust MPF Scheme,MPF contributions (ER + EE),825,MPF Payable,30000.00,,30000.00,Tax Exempt
2026-07-31,Spend Money,148,MPF-07,Orchid Trust MPF Scheme,MPF contributions (ER + EE),090,Victoria Harbour Bank - HKD Current,,30000.00,-30000.00,Tax Exempt
2026-07-31,Spend Money,149,PAY-07,Payroll,Payroll Jul 2026 (4 office + 6 household staff),477,Salaries - Office & Household Staff,420000.00,,420000.00,Tax Exempt
2026-07-31,Spend Money,149,PAY-07,Payroll,Payroll Jul 2026 (4 office + 6 household staff),478,MPF Contributions,15000.00,,15000.00,Tax Exempt
2026-07-31,Spend Money,149,PAY-07,Payroll,Payroll Jul 2026 (4 office + 6 household staff),090,Victoria Harbour Bank - HKD Current,,405000.00,-405000.00,Tax Exempt
2026-07-31,Spend Money,149,PAY-07,Payroll,Payroll Jul 2026 (4 office + 6 household staff),825,MPF Payable,,30000.00,-30000.00,Tax Exempt
2026-08-03,Payable Payment,150,INV-PM-2204,Peak Estates Property Management Ltd,Payment INV-PM-2204,800,Accounts Payable,23200.00,,23200.00,Tax Exempt
2026-08-03,Payable Payment,150,INV-PM-2204,Peak Estates Property Management Ltd,Payment INV-PM-2204,090,Victoria Harbour Bank - HKD Current,,23200.00,-23200.00,Tax Exempt
2026-08-03,Payable Invoice,151,INV-PM-2247,Peak Estates Property Management Ltd,Peak Estates Property Management Ltd INV-PM-2247,471,Property Management Fees,17300.00,,17300.00,Tax Exempt
2026-08-03,Payable Invoice,151,INV-PM-2247,Peak Estates Property Management Ltd,Peak Estates Property Management Ltd INV-PM-2247,800,Accounts Payable,,17300.00,-17300.00,Tax Exempt
2026-08-03,Payable Invoice,152,MAI-10110,Meridian Fine Art Insurance Ltd,Meridian Fine Art Insurance Ltd MAI-10110,433,Insurance,19134.50,,19134.50,Tax Exempt
2026-08-03,Payable Invoice,152,MAI-10110,Meridian Fine Art Insurance Ltd,Meridian Fine Art Insurance Ltd MAI-10110,800,Accounts Payable,,19134.50,-19134.50,Tax Exempt
2026-08-03,Receive Money,153,RNT-08-12A,Halcyon Re Asia Ltd,Rent Flat 12A Seaview Court (Aug 2026),090,Victoria Harbour Bank - HKD Current,95000.00,,95000.00,Tax Exempt
2026-08-03,Receive Money,153,RNT-08-12A,Halcyon Re Asia Ltd,Rent Flat 12A Seaview Court (Aug 2026),260,Rental Income,,95000.00,-95000.00,Tax Exempt
2026-08-03,Receive Money,154,RNT-08-21B,Brightwater Consulting Ltd,Rent Flat 21B Pinecrest Tower (Aug 2026),090,Victoria Harbour Bank - HKD Current,62000.00,,62000.00,Tax Exempt
2026-08-03,Receive Money,154,RNT-08-21B,Brightwater Consulting Ltd,Rent Flat 21B Pinecrest Tower (Aug 2026),260,Rental Income,,62000.00,-62000.00,Tax Exempt
2026-08-03,Spend Money,155,SM-08-475,Seaview Court & Pinecrest Tower management offices,Seaview Court & Pinecrest Tower management offices (revised fee from Jun 2026),475,Building Management & Government Rates,12800.00,,12800.00,Tax Exempt
2026-08-03,Spend Money,155,SM-08-475,Seaview Court & Pinecrest Tower management offices,Seaview Court & Pinecrest Tower management offices (revised fee from Jun 2026),090,Victoria Harbour Bank - HKD Current,,12800.00,-12800.00,Tax Exempt
2026-08-03,Spend Money,156,SM-08-485,Wealth platform & software licences (card),Wealth platform & software licences (card),485,Software Subscriptions,3150.00,,3150.00,Tax Exempt
2026-08-03,Spend Money,156,SM-08-485,Wealth platform & software licences (card),Wealth platform & software licences (card),090,Victoria Harbour Bank - HKD Current,,3150.00,-3150.00,Tax Exempt
2026-08-05,Spend Money,157,SM-08-489,Harbourtel Broadband & Mobile,Harbourtel Broadband & Mobile,489,Telephone & Internet,2380.00,,2380.00,Tax Exempt
2026-08-05,Spend Money,157,SM-08-489,Harbourtel Broadband & Mobile,Harbourtel Broadband & Mobile,090,Victoria Harbour Bank - HKD Current,,2380.00,-2380.00,Tax Exempt
2026-08-14,Payable Invoice,158,HCP3-CN-2026-03,Harbourview Capital Partners III LP,Harbourview Capital Partners III LP HCP3-CN-2026-03,150,Investments - Private Funds (at cost),3905000.00,,3905000.00,Tax Exempt
2026-08-14,Payable Invoice,158,HCP3-CN-2026-03,Harbourview Capital Partners III LP,Harbourview Capital Partners III LP HCP3-CN-2026-03,800,Accounts Payable,,3905000.00,-3905000.00,Tax Exempt
2026-08-17,Spend Money,159,SM-0817,Island International School,Autumn term 2026 tuition - 2 children (fees +2%),481,School & Tuition Fees,318000.00,,318000.00,Tax Exempt
2026-08-17,Spend Money,159,SM-0817,Island International School,Autumn term 2026 tuition - 2 children (fees +2%),090,Victoria Harbour Bank - HKD Current,,318000.00,-318000.00,Tax Exempt
2026-08-18,Payable Payment,160,MAI-10110,Meridian Fine Art Insurance Ltd,Payment MAI-10110,800,Accounts Payable,19134.50,,19134.50,Tax Exempt
2026-08-18,Payable Payment,160,MAI-10110,Meridian Fine Art Insurance Ltd,Payment MAI-10110,090,Victoria Harbour Bank - HKD Current,,19134.50,-19134.50,Tax Exempt
2026-08-18,Payable Payment,160,MAI-10110,Meridian Fine Art Insurance Ltd,Payment MAI-10110,404,Bank Fees,150.00,,150.00,Tax Exempt
2026-08-18,Payable Payment,160,MAI-10110,Meridian Fine Art Insurance Ltd,Payment MAI-10110,090,Victoria Harbour Bank - HKD Current,,150.00,-150.00,Tax Exempt
2026-08-18,Spend Money,161,SM-08-473,Island Wide Handyman Services,Island Wide Handyman Services,473,Property Repairs & Maintenance,2300.00,,2300.00,Tax Exempt
2026-08-18,Spend Money,161,SM-08-473,Island Wide Handyman Services,Island Wide Handyman Services,090,Victoria Harbour Bank - HKD Current,,2300.00,-2300.00,Tax Exempt
2026-08-20,Spend Money,162,SM-08-493,SkyJet Charter Asia (travel desk),SkyJet Charter Asia (travel desk),493,Travel & Aviation Charter,89000.00,,89000.00,Tax Exempt
2026-08-20,Spend Money,162,SM-08-493,SkyJet Charter Asia (travel desk),SkyJet Charter Asia (travel desk),090,Victoria Harbour Bank - HKD Current,,89000.00,-89000.00,Tax Exempt
2026-08-24,Payable Payment,163,HCP3-CN-2026-03,Harbourview Capital Partners III LP,Payment HCP3-CN-2026-03,800,Accounts Payable,3905000.00,,3905000.00,Tax Exempt
2026-08-24,Payable Payment,163,HCP3-CN-2026-03,Harbourview Capital Partners III LP,Payment HCP3-CN-2026-03,090,Victoria Harbour Bank - HKD Current,,3905000.00,-3905000.00,Tax Exempt
2026-08-24,Payable Payment,163,HCP3-CN-2026-03,Harbourview Capital Partners III LP,Payment HCP3-CN-2026-03,404,Bank Fees,150.00,,150.00,Tax Exempt
2026-08-24,Payable Payment,163,HCP3-CN-2026-03,Harbourview Capital Partners III LP,Payment HCP3-CN-2026-03,090,Victoria Harbour Bank - HKD Current,,150.00,-150.00,Tax Exempt
2026-08-24,Spend Money,164,SM-08-429,Central Office Supplies Co,Central Office Supplies Co,429,General Office Expenses,10200.00,,10200.00,Tax Exempt
2026-08-24,Spend Money,164,SM-08-429,Central Office Supplies Co,Central Office Supplies Co,090,Victoria Harbour Bank - HKD Current,,10200.00,-10200.00,Tax Exempt
2026-08-25,Spend Money,165,SM-08-412,Kwan & Partners Tax Advisory,Kwan & Partners Tax Advisory,412,"Legal, Tax & Audit Fees",28000.00,,28000.00,Tax Exempt
2026-08-25,Spend Money,165,SM-08-412,Kwan & Partners Tax Advisory,Kwan & Partners Tax Advisory,090,Victoria Harbour Bank - HKD Current,,28000.00,-28000.00,Tax Exempt
2026-08-25,Receive Money,166,SWP-08,Lion Rock Private Bank (custodian),Portfolio income sweep (dividends and coupons),090,Victoria Harbour Bank - HKD Current,3703000.00,,3703000.00,Tax Exempt
2026-08-25,Receive Money,166,SWP-08,Lion Rock Private Bank (custodian),Portfolio income sweep (dividends and coupons),275,Dividend & Portfolio Income,,3703000.00,-3703000.00,Tax Exempt
2026-08-31,Spend Money,167,FEE-08,Victoria Harbour Bank Limited,Account maintenance fee,404,Bank Fees,120.00,,120.00,Tax Exempt
2026-08-31,Spend Money,167,FEE-08,Victoria Harbour Bank Limited,Account maintenance fee,090,Victoria Harbour Bank - HKD Current,,120.00,-120.00,Tax Exempt
2026-08-31,Receive Money,168,INT-08,Victoria Harbour Bank Limited,Credit interest,090,Victoria Harbour Bank - HKD Current,75602.00,,75602.00,Tax Exempt
2026-08-31,Receive Money,168,INT-08,Victoria Harbour Bank Limited,Credit interest,270,Interest Income,,75602.00,-75602.00,Tax Exempt
2026-08-31,Spend Money,169,MPF-08,Orchid Trust MPF Scheme,MPF contributions (ER + EE),825,MPF Payable,30000.00,,30000.00,Tax Exempt
2026-08-31,Spend Money,169,MPF-08,Orchid Trust MPF Scheme,MPF contributions (ER + EE),090,Victoria Harbour Bank - HKD Current,,30000.00,-30000.00,Tax Exempt
2026-08-31,Spend Money,170,PAY-08,Payroll,Payroll Aug 2026 (4 office + 6 household staff),477,Salaries - Office & Household Staff,420000.00,,420000.00,Tax Exempt
2026-08-31,Spend Money,170,PAY-08,Payroll,Payroll Aug 2026 (4 office + 6 household staff),478,MPF Contributions,15000.00,,15000.00,Tax Exempt
2026-08-31,Spend Money,170,PAY-08,Payroll,Payroll Aug 2026 (4 office + 6 household staff),090,Victoria Harbour Bank - HKD Current,,405000.00,-405000.00,Tax Exempt
2026-08-31,Spend Money,170,PAY-08,Payroll,Payroll Aug 2026 (4 office + 6 household staff),825,MPF Payable,,30000.00,-30000.00,Tax Exempt
2026-09-01,Payable Invoice,171,INV-PM-2291,Peak Estates Property Management Ltd,Peak Estates Property Management Ltd INV-PM-2291,471,Property Management Fees,23200.00,,23200.00,Tax Exempt
2026-09-01,Payable Invoice,171,INV-PM-2291,Peak Estates Property Management Ltd,Peak Estates Property Management Ltd INV-PM-2291,800,Accounts Payable,,23200.00,-23200.00,Tax Exempt
2026-09-01,Payable Invoice,172,MAI-10121,Meridian Fine Art Insurance Ltd,Meridian Fine Art Insurance Ltd MAI-10121,433,Insurance,19110.00,,19110.00,Tax Exempt
2026-09-01,Payable Invoice,172,MAI-10121,Meridian Fine Art Insurance Ltd,Meridian Fine Art Insurance Ltd MAI-10121,800,Accounts Payable,,19110.00,-19110.00,Tax Exempt
2026-09-01,Receive Money,173,RNT-09-12A,Halcyon Re Asia Ltd,Rent Flat 12A Seaview Court (Sep 2026),090,Victoria Harbour Bank - HKD Current,95000.00,,95000.00,Tax Exempt
2026-09-01,Receive Money,173,RNT-09-12A,Halcyon Re Asia Ltd,Rent Flat 12A Seaview Court (Sep 2026),260,Rental Income,,95000.00,-95000.00,Tax Exempt
2026-09-02,Payable Payment,174,INV-PM-2247,Peak Estates Property Management Ltd,Payment INV-PM-2247,800,Accounts Payable,17300.00,,17300.00,Tax Exempt
2026-09-02,Payable Payment,174,INV-PM-2247,Peak Estates Property Management Ltd,Payment INV-PM-2247,090,Victoria Harbour Bank - HKD Current,,17300.00,-17300.00,Tax Exempt
2026-09-02,Receive Money,175,RNT-09-21B,Brightwater Consulting Ltd,Rent Flat 21B Pinecrest Tower (Sep 2026),090,Victoria Harbour Bank - HKD Current,62000.00,,62000.00,Tax Exempt
2026-09-02,Receive Money,175,RNT-09-21B,Brightwater Consulting Ltd,Rent Flat 21B Pinecrest Tower (Sep 2026),260,Rental Income,,62000.00,-62000.00,Tax Exempt
2026-09-02,Spend Money,176,SM-09-475,Seaview Court & Pinecrest Tower management offices,Seaview Court & Pinecrest Tower management offices (revised fee from Jun 2026),475,Building Management & Government Rates,12800.00,,12800.00,Tax Exempt
2026-09-02,Spend Money,176,SM-09-475,Seaview Court & Pinecrest Tower management offices,Seaview Court & Pinecrest Tower management offices (revised fee from Jun 2026),090,Victoria Harbour Bank - HKD Current,,12800.00,-12800.00,Tax Exempt
2026-09-03,Spend Money,177,SM-09-485,Wealth platform & software licences (card),Wealth platform & software licences (card),485,Software Subscriptions,3150.00,,3150.00,Tax Exempt
2026-09-03,Spend Money,177,SM-09-485,Wealth platform & software licences (card),Wealth platform & software licences (card),090,Victoria Harbour Bank - HKD Current,,3150.00,-3150.00,Tax Exempt
2026-09-07,Spend Money,178,SM-09-489,Harbourtel Broadband & Mobile,Harbourtel Broadband & Mobile,489,Telephone & Internet,2380.00,,2380.00,Tax Exempt
2026-09-07,Spend Money,178,SM-09-489,Harbourtel Broadband & Mobile,Harbourtel Broadband & Mobile,090,Victoria Harbour Bank - HKD Current,,2380.00,-2380.00,Tax Exempt
2026-09-16,Payable Payment,179,MAI-10121,Meridian Fine Art Insurance Ltd,Payment MAI-10121,800,Accounts Payable,19110.00,,19110.00,Tax Exempt
2026-09-16,Payable Payment,179,MAI-10121,Meridian Fine Art Insurance Ltd,Payment MAI-10121,090,Victoria Harbour Bank - HKD Current,,19110.00,-19110.00,Tax Exempt
2026-09-16,Payable Payment,179,MAI-10121,Meridian Fine Art Insurance Ltd,Payment MAI-10121,404,Bank Fees,150.00,,150.00,Tax Exempt
2026-09-16,Payable Payment,179,MAI-10121,Meridian Fine Art Insurance Ltd,Payment MAI-10121,090,Victoria Harbour Bank - HKD Current,,150.00,-150.00,Tax Exempt
2026-09-16,Spend Money,180,SM-0916,Arctic Breeze Engineering Co,Air-con replacement - Flat 21B Pinecrest Tower,473,Property Repairs & Maintenance,9800.00,,9800.00,Tax Exempt
2026-09-16,Spend Money,180,SM-0916,Arctic Breeze Engineering Co,Air-con replacement - Flat 21B Pinecrest Tower,090,Victoria Harbour Bank - HKD Current,,9800.00,-9800.00,Tax Exempt
2026-09-18,Spend Money,181,SM-09-473,Island Wide Handyman Services,Island Wide Handyman Services,473,Property Repairs & Maintenance,2500.00,,2500.00,Tax Exempt
2026-09-18,Spend Money,181,SM-09-473,Island Wide Handyman Services,Island Wide Handyman Services,090,Victoria Harbour Bank - HKD Current,,2500.00,-2500.00,Tax Exempt
2026-09-21,Spend Money,182,SM-09-493,SkyJet Charter Asia (travel desk),SkyJet Charter Asia (travel desk),493,Travel & Aviation Charter,148000.00,,148000.00,Tax Exempt
2026-09-21,Spend Money,182,SM-09-493,SkyJet Charter Asia (travel desk),SkyJet Charter Asia (travel desk),090,Victoria Harbour Bank - HKD Current,,148000.00,-148000.00,Tax Exempt
2026-09-22,Spend Money,183,SM-09-429,Central Office Supplies Co,Central Office Supplies Co,429,General Office Expenses,6400.00,,6400.00,Tax Exempt
2026-09-22,Spend Money,183,SM-09-429,Central Office Supplies Co,Central Office Supplies Co,090,Victoria Harbour Bank - HKD Current,,6400.00,-6400.00,Tax Exempt
2026-09-25,Spend Money,184,SM-09-412,Kwan & Partners Tax Advisory,Kwan & Partners Tax Advisory,412,"Legal, Tax & Audit Fees",28000.00,,28000.00,Tax Exempt
2026-09-25,Spend Money,184,SM-09-412,Kwan & Partners Tax Advisory,Kwan & Partners Tax Advisory,090,Victoria Harbour Bank - HKD Current,,28000.00,-28000.00,Tax Exempt
2026-09-25,Receive Money,185,SWP-09,Lion Rock Private Bank (custodian),Portfolio income sweep (dividends and coupons),090,Victoria Harbour Bank - HKD Current,3554000.00,,3554000.00,Tax Exempt
2026-09-25,Receive Money,185,SWP-09,Lion Rock Private Bank (custodian),Portfolio income sweep (dividends and coupons),275,Dividend & Portfolio Income,,3554000.00,-3554000.00,Tax Exempt
2026-09-30,Spend Money,186,FEE-09,Victoria Harbour Bank Limited,Account maintenance fee,404,Bank Fees,120.00,,120.00,Tax Exempt
2026-09-30,Spend Money,186,FEE-09,Victoria Harbour Bank Limited,Account maintenance fee,090,Victoria Harbour Bank - HKD Current,,120.00,-120.00,Tax Exempt
2026-09-30,Receive Money,187,INT-09,Victoria Harbour Bank Limited,Credit interest,090,Victoria Harbour Bank - HKD Current,75748.00,,75748.00,Tax Exempt
2026-09-30,Receive Money,187,INT-09,Victoria Harbour Bank Limited,Credit interest,270,Interest Income,,75748.00,-75748.00,Tax Exempt
2026-09-30,Spend Money,188,MPF-09,Orchid Trust MPF Scheme,MPF contributions (ER + EE),825,MPF Payable,30000.00,,30000.00,Tax Exempt
2026-09-30,Spend Money,188,MPF-09,Orchid Trust MPF Scheme,MPF contributions (ER + EE),090,Victoria Harbour Bank - HKD Current,,30000.00,-30000.00,Tax Exempt
2026-09-30,Spend Money,189,PAY-09,Payroll,Payroll Sep 2026 (4 office + 6 household staff),477,Salaries - Office & Household Staff,420000.00,,420000.00,Tax Exempt
2026-09-30,Spend Money,189,PAY-09,Payroll,Payroll Sep 2026 (4 office + 6 household staff),478,MPF Contributions,15000.00,,15000.00,Tax Exempt
2026-09-30,Spend Money,189,PAY-09,Payroll,Payroll Sep 2026 (4 office + 6 household staff),090,Victoria Harbour Bank - HKD Current,,405000.00,-405000.00,Tax Exempt
2026-09-30,Spend Money,189,PAY-09,Payroll,Payroll Sep 2026 (4 office + 6 household staff),825,MPF Payable,,30000.00,-30000.00,Tax Exempt
