payment_date,supplier_id,supplier,invoice_no,amount,currency,amount_hkd,bank_name,bank_account_paid,payment_ref
2025-09-22,S01,Pearl River Growth Fund II LP,PRG2-DN-012,2500000.00,RMB,2732500.00,"Pearl River Commercial Bank, Shenzhen Futian Branch",6214 8320 0019 2049,PAY-250922-S01
2025-10-31,S02,Harbourview Capital Partners III LP,HCP3-MF-2025Q4,37500.00,USD,291750.00,"Atlantic Mercantile Bank, New York",8841-2207-5530,PAY-251031-S02
2025-11-18,S05,Meridian Fine Art Insurance Ltd,MAI-10011,2450.00,USD,19085.50,Sierra Mesa Bank,4410-0928-1173,PAY-251118-S05
2025-11-24,S01,Pearl River Growth Fund II LP,PRG2-DN-013,3000000.00,RMB,3222000.00,"Pearl River Commercial Bank, Shenzhen Futian Branch",6214 8320 0019 2049,PAY-251124-S01
2025-12-03,S03,Peak Estates Property Management Ltd,INV-PM-1984,22000.00,HKD,22000.00,Victoria Harbour Bank Limited,088-221-55190-3,PAY-251203-S03
2025-12-16,S05,Meridian Fine Art Insurance Ltd,MAI-10022,2450.00,USD,19061.00,Sierra Mesa Bank,4410-0928-1173,PAY-251216-S05
2026-01-02,S03,Peak Estates Property Management Ltd,INV-PM-2006,18500.00,HKD,18500.00,Victoria Harbour Bank Limited,088-221-55190-3,PAY-260102-S03
2026-01-16,S05,Meridian Fine Art Insurance Ltd,MAI-10033,2450.00,USD,19085.50,Sierra Mesa Bank,4410-0928-1173,PAY-260116-S05
2026-01-22,S01,Pearl River Growth Fund II LP,PRG2-DN-014,2000000.00,RMB,2144000.00,"Pearl River Commercial Bank, Shenzhen Futian Branch",6214 8320 0019 2049,PAY-260122-S01
2026-02-02,S02,Harbourview Capital Partners III LP,HCP3-MF-2026Q1,37500.00,USD,292875.00,"Atlantic Mercantile Bank, New York",8841-2207-5530,PAY-260202-S02
2026-02-04,S03,Peak Estates Property Management Ltd,INV-PM-2028,17300.00,HKD,17300.00,Victoria Harbour Bank Limited,088-221-55190-3,PAY-260204-S03
2026-02-17,S05,Meridian Fine Art Insurance Ltd,MAI-10044,2450.00,USD,19134.50,Sierra Mesa Bank,4410-0928-1173,PAY-260217-S05
2026-02-26,S02,Harbourview Capital Partners III LP,HCP3-CN-2026-01,400000.00,USD,3124000.00,"Atlantic Mercantile Bank, New York",8841-2207-5530,PAY-260226-S02
2026-03-05,S03,Peak Estates Property Management Ltd,INV-PM-2050,17300.00,HKD,17300.00,Victoria Harbour Bank Limited,088-221-55190-3,PAY-260305-S03
2026-03-17,S05,Meridian Fine Art Insurance Ltd,MAI-10055,2450.00,USD,19159.00,Sierra Mesa Bank,4410-0928-1173,PAY-260317-S05
2026-03-23,S01,Pearl River Growth Fund II LP,PRG2-DN-015,3500000.00,RMB,3776500.00,"Pearl River Commercial Bank, Shenzhen Futian Branch",6214 8320 0019 2049,PAY-260323-S01
2026-04-02,S03,Peak Estates Property Management Ltd,INV-PM-2072,23200.00,HKD,23200.00,Victoria Harbour Bank Limited,088-221-55190-3,PAY-260402-S03
2026-04-16,S05,Meridian Fine Art Insurance Ltd,MAI-10066,2450.00,USD,19110.00,Sierra Mesa Bank,4410-0928-1173,PAY-260416-S05
2026-05-01,S02,Harbourview Capital Partners III LP,HCP3-MF-2026Q2,37500.00,USD,292125.00,"Atlantic Mercantile Bank, New York",8841-2207-5530,PAY-260501-S02
2026-05-04,S03,Peak Estates Property Management Ltd,INV-PM-2094,23200.00,HKD,23200.00,Victoria Harbour Bank Limited,088-221-55190-3,PAY-260504-S03
2026-05-18,S05,Meridian Fine Art Insurance Ltd,MAI-10077,2450.00,USD,19085.50,Sierra Mesa Bank,4410-0928-1173,PAY-260518-S05
2026-05-22,S01,Pearl River Growth Fund II LP,PRG2-DN-016,2500000.00,RMB,2682500.00,"Pearl River Commercial Bank, Shenzhen Futian Branch",6214 8320 0019 2049,PAY-260522-S01
2026-05-25,S02,Harbourview Capital Partners III LP,HCP3-CN-2026-02,500000.00,USD,3895000.00,"Atlantic Mercantile Bank, New York",8841-2207-5530,PAY-260525-S02
2026-06-03,S03,Peak Estates Property Management Ltd,INV-PM-2116,23200.00,HKD,23200.00,Victoria Harbour Bank Limited,088-221-55190-3,PAY-260603-S03
2026-06-16,S05,Meridian Fine Art Insurance Ltd,MAI-10088,2450.00,USD,19134.50,Sierra Mesa Bank,4410-0928-1173,PAY-260616-S05
2026-07-03,S03,Peak Estates Property Management Ltd,INV-PM-2138,23200.00,HKD,23200.00,Victoria Harbour Bank Limited,088-221-55190-3,PAY-260703-S03
2026-07-16,S05,Meridian Fine Art Insurance Ltd,MAI-10099,2450.00,USD,19159.00,Sierra Mesa Bank,4410-0928-1173,PAY-260716-S05
2026-07-22,S01,Pearl River Growth Fund II LP,PRG2-DN-017,3000000.00,RMB,3249000.00,"Pearl River Commercial Bank, Shenzhen Futian Branch",6214 8320 0019 2049,PAY-260722-S01
2026-07-31,S02,Harbourview Capital Partners III LP,HCP3-MF-2026Q3,37500.00,USD,293250.00,"Atlantic Mercantile Bank, New York",8841-2207-5530,PAY-260731-S02
2026-08-03,S03,Peak Estates Property Management Ltd,INV-PM-2204,23200.00,HKD,23200.00,Victoria Harbour Bank Limited,088-221-55190-3,PAY-260803-S03
2026-08-18,S05,Meridian Fine Art Insurance Ltd,MAI-10110,2450.00,USD,19134.50,Sierra Mesa Bank,4410-0928-1173,PAY-260818-S05
2026-08-24,S02,Harbourview Capital Partners III LP,HCP3-CN-2026-03,500000.00,USD,3905000.00,"Atlantic Mercantile Bank, New York",8841-2207-5530,PAY-260824-S02
2026-09-02,S03,Peak Estates Property Management Ltd,INV-PM-2247,17300.00,HKD,17300.00,Victoria Harbour Bank Limited,088-221-55190-3,PAY-260902-S03
2026-09-16,S05,Meridian Fine Art Insurance Ltd,MAI-10121,2450.00,USD,19110.00,Sierra Mesa Bank,4410-0928-1173,PAY-260916-S05
